iso_code,af,en,es,de,fr,it,nl,pt
i002,Afrika,Africa,África,Afrika,Afrique,Africa,Afrika,África
i003,Noord-Amerika,"North America","América del Norte",Nordamerika,"Amérique du Nord","Nord America",Noord-Amerika,"América do Norte"
i005,Suid-Amerika,"South America",Sudamérica,Südamerika,"Amérique du Sud","America del Sud",Zuid-Amerika,"América do Sul"
i009,Oseanië,Oceania,Oceanía,Ozeanien,Océanie,Oceania,Oceanië,Oceania
i011,Wes-Afrika,"Western Africa","África occidental",Westafrika,"Afrique occidentale","Africa occidentale",West-Afrika,"África Ocidental"
i013,Sentraal-Amerika,"Central America",Centroamérica,Mittelamerika,"Amérique centrale","America Centrale",Midden-Amerika,"América Central"
i014,Oos-Afrika,"Eastern Africa","África oriental",Ostafrika,"Afrique orientale","Africa orientale",Oost-Afrika,"África Oriental"
i015,Noord-Afrika,"Northern Africa","África septentrional",Nordafrika,"Afrique septentrionale",Nordafrica,Noord-Afrika,"África do Norte"
i017,Midde-Afrika,"Middle Africa","África central",Zentralafrika,"Afrique centrale","Africa centrale",Centraal-Afrika,"África Central"
i018,Suider-Afrika,"Southern Africa","África meridional","Südliches Afrika","Afrique australe","Africa del Sud","Zuidelijk Afrika","África Austral"
i019,Amerikas,Americas,América,Amerika,Amériques,Americhe,Amerika,Américas
i021,"Noordelike Amerika","Northern America",Norteamérica,"Nördliches Amerika","Amérique septentrionale","America del Nord","Noordelijk Amerika","América Setentrional"
i029,Karibies,Caribbean,Caribe,Karibik,Caraïbes,Caraibi,"Caribisch gebied",Caribe
i030,Oos-Asië,"Eastern Asia","Asia oriental",Ostasien,"Asie orientale","Asia orientale",Oost-Azië,"Ásia Oriental"
i034,Suid-Asië,"Southern Asia","Asia meridional",Südasien,"Asie du Sud","Asia del Sud",Zuid-Azië,"Ásia do Sul"
i035,Suidoos-Asië,"Southeast Asia","Sudeste asiático",Südostasien,"Asie du Sud-Est","Sud-est asiatico",Zuidoost-Azië,"Sudeste Asiático"
i039,Suid-Europa,"Southern Europe","Europa meridional",Südeuropa,"Europe méridionale","Europa meridionale",Zuid-Europa,"Europa do Sul"
i053,Australasië,Australasia,Australasia,Australasien,Australasie,Australasia,Australazië,Australásia
i054,Melanesië,Melanesia,Melanesia,Melanesien,Mélanésie,Melanesia,Melanesië,Melanésia
i057,"Mikronesiese streek","Micronesian Region","Región de Micronesia","Mikronesisches Inselgebiet","région micronésienne","Regione Micronesiana","Micronesische regio","Região da Micronésia"
i061,Polinesië,Polynesia,Polinesia,Polynesien,Polynésie,Polinesia,Polynesië,Polinésia
ac,Ascensioneiland,"Ascension Island","Isla de la Ascensión",Ascension,"Île de l’Ascension","Isola Ascensione",Ascension,"Ilha de Ascensão"
ad,Andorra,Andorra,Andorra,Andorra,Andorre,Andorra,Andorra,Andorra
ae,"Verenigde Arabiese Emirate","United Arab Emirates","Emiratos Árabes Unidos","Vereinigte Arabische Emirate","Émirats arabes unis","Emirati Arabi Uniti","Verenigde Arabische Emiraten","Emirados Árabes Unidos"
af,Afganistan,Afghanistan,Afganistán,Afghanistan,Afghanistan,Afghanistan,Afghanistan,Afeganistão
ag,"Antigua en Barbuda","Antigua & Barbuda","Antigua y Barbuda","Antigua und Barbuda",Antigua-et-Barbuda,"Antigua e Barbuda","Antigua en Barbuda","Antígua e Barbuda"
ai,Anguilla,Anguilla,Anguila,Anguilla,Anguilla,Anguilla,Anguilla,Anguilla
al,Albanië,Albania,Albania,Albanien,Albanie,Albania,Albanië,Albânia
am,Armenië,Armenia,Armenia,Armenien,Arménie,Armenia,Armenië,Armênia
ao,Angola,Angola,Angola,Angola,Angola,Angola,Angola,Angola
aq,Antarktika,Antarctica,Antártida,Antarktis,Antarctique,Antartide,Antarctica,Antártida
ar,Argentinië,Argentina,Argentina,Argentinien,Argentine,Argentina,Argentinië,Argentina
as,Amerikaans-Samoa,"American Samoa","Samoa Americana",Amerikanisch-Samoa,"Samoa américaines","Samoa americane",Amerikaans-Samoa,"Samoa Americana"
at,Oostenryk,Austria,Austria,Österreich,Autriche,Austria,Oostenrijk,Áustria
au,Australië,Australia,Australia,Australien,Australie,Australia,Australië,Austrália
aw,Aruba,Aruba,Aruba,Aruba,Aruba,Aruba,Aruba,Aruba
ax,Ålandeilande,"Åland Islands","Islas Åland",Ålandinseln,"Îles Åland","Isole Åland",Åland,"Ilhas Åland"
az,Azerbeidjan,Azerbaijan,Azerbaiyán,Aserbaidschan,Azerbaïdjan,Azerbaigian,Azerbeidzjan,Azerbaijão
ba,"Bosnië en Herzegowina",Bosnia,Bosnia-Herzegovina,"Bosnien und Herzegowina",Bosnie-Herzégovine,"Bosnia ed Erzegovina","Bosnië en Herzegovina","Bósnia e Herzegovina"
bb,Barbados,Barbados,Barbados,Barbados,Barbade,Barbados,Barbados,Barbados
bd,Bangladesj,Bangladesh,Bangladés,Bangladesch,Bangladesh,Bangladesh,Bangladesh,Bangladesh
be,België,Belgium,Bélgica,Belgien,Belgique,Belgio,België,Bélgica
bf,"Burkina Faso","Burkina Faso","Burkina Faso","Burkina Faso","Burkina Faso","Burkina Faso","Burkina Faso","Burquina Faso"
bg,Bulgarye,Bulgaria,Bulgaria,Bulgarien,Bulgarie,Bulgaria,Bulgarije,Bulgária
bh,Bahrein,Bahrain,Baréin,Bahrain,Bahreïn,Bahrein,Bahrein,Bahrein
bi,Burundi,Burundi,Burundi,Burundi,Burundi,Burundi,Burundi,Burundi
bj,Benin,Benin,Benín,Benin,Bénin,Benin,Benin,Benin
bl,"Sint Barthélemy","St. Barthélemy","San Bartolomé","St. Barthélemy",Saint-Barthélemy,Saint-Barthélemy,Saint-Barthélemy,"São Bartolomeu"
bm,Bermuda,Bermuda,Bermudas,Bermuda,Bermudes,Bermuda,Bermuda,Bermudas
bn,Broenei,Brunei,Brunéi,"Brunei Darussalam","Brunéi Darussalam",Brunei,Brunei,Brunei
bo,Bolivië,Bolivia,Bolivia,Bolivien,Bolivie,Bolivia,Bolivia,Bolívia
bq,"Karibiese Nederland","Caribbean Netherlands","Caribe neerlandés","Bonaire, Sint Eustatius und Saba","Pays-Bas caribéens","Caraibi Olandesi","Caribisch Nederland","Países Baixos Caribenhos"
br,Brasilië,Brazil,Brasil,Brasilien,Brésil,Brasile,Brazilië,Brasil
bs,Bahamas,Bahamas,Bahamas,Bahamas,Bahamas,Bahamas,Bahama’s,Bahamas
bt,Bhoetan,Bhutan,Bután,Bhutan,Bhoutan,Bhutan,Bhutan,Butão
bv,Bouvet-eiland,"Bouvet Island","Isla Bouvet",Bouvetinsel,"Île Bouvet","Isola Bouvet",Bouveteiland,"Ilha Bouvet"
bw,Botswana,Botswana,Botsuana,Botsuana,Botswana,Botswana,Botswana,Botsuana
by,Belarus,Belarus,Bielorrusia,Belarus,Biélorussie,Bielorussia,Belarus,Bielorrússia
bz,Belize,Belize,Belice,Belize,Belize,Belize,Belize,Belize
ca,Kanada,Canada,Canadá,Kanada,Canada,Canada,Canada,Canadá
cc,Kokos-eilande,"Cocos (Keeling) Islands","Islas Cocos",Kokosinseln,"Îles Cocos","Isole Cocos (Keeling)",Cocoseilanden,"Ilhas Cocos (Keeling)"
cd,"Kongo (DRK)","Congo (DRC)","Congo (República Democrática del Congo)","Kongo (Demokratische Republik)","Congo (RDC)","Congo (RDC)","Congo (DRC)","República Democrática do Congo"
cf,"Sentraal-Afrikaanse Republiek","Central African Republic","República Centroafricana","Zentralafrikanische Republik","République centrafricaine","Repubblica Centrafricana","Centraal-Afrikaanse Republiek","República Centro-Africana"
cg,"Kongo (Republiek die)","Congo (Republic)","Congo (República)","Kongo (Republik)","République du Congo","Congo (Repubblica)","Congo (Republiek)",Congo
ch,Switserland,Switzerland,Suiza,Schweiz,Suisse,Svizzera,Zwitserland,Suíça
ci,Ivoorkus,"Ivory Coast","Costa de Marfil",Elfenbeinküste,"Côte d’Ivoire","Costa d’Avorio",Ivoorkust,"Costa do Marfim"
ck,Cookeilande,"Cook Islands","Islas Cook",Cookinseln,"Îles Cook","Isole Cook",Cookeilanden,"Ilhas Cook"
cl,Chili,Chile,Chile,Chile,Chili,Cile,Chili,Chile
cm,Kameroen,Cameroon,Camerún,Kamerun,Cameroun,Camerun,Kameroen,"República dos Camarões"
cn,Sjina,China,China,China,Chine,Cina,China,China
co,Colombië,Colombia,Colombia,Kolumbien,Colombie,Colombia,Colombia,Colômbia
cp,Clippertoneiland,"Clipperton Island","Isla Clipperton",Clipperton-Insel,"Île Clipperton","Isola di Clipperton",Clipperton,"Ilha de Clipperton"
cr,"Costa Rica","Costa Rica","Costa Rica","Costa Rica","Costa Rica","Costa Rica","Costa Rica","Costa Rica"
cu,Kuba,Cuba,Cuba,Kuba,Cuba,Cuba,Cuba,Cuba
cv,"Kaap Verde","Cape Verde","Cabo Verde","Kap Verde",Cap-Vert,"Capo Verde",Kaapverdië,"Cabo Verde"
cw,Curaçao,Curaçao,Curazao,Curaçao,Curaçao,Curaçao,Curaçao,Curaçao
cx,Kerseiland,"Christmas Island","Isla de Navidad",Weihnachtsinsel,"Île Christmas","Isola Christmas",Christmaseiland,"Ilha Christmas"
cy,Siprus,Cyprus,Chipre,Zypern,Chypre,Cipro,Cyprus,Chipre
cz,"Tjeggiese Republiek","Czech Republic","República Checa","Tschechische Republik","République tchèque","Repubblica Ceca",Tsjechië,"República Tcheca"
de,Duitsland,Germany,Alemania,Deutschland,Allemagne,Germania,Duitsland,Alemanha
dg,"Diego Garcia","Diego Garcia","Diego García","Diego Garcia","Diego Garcia","Diego Garcia","Diego Garcia","Diego Garcia"
dj,Djiboeti,Djibouti,Yibuti,Dschibuti,Djibouti,Gibuti,Djibouti,Djibuti
dk,Denemarke,Denmark,Dinamarca,Dänemark,Danemark,Danimarca,Denemarken,Dinamarca
dm,Dominica,Dominica,Dominica,Dominica,Dominique,Dominica,Dominica,Dominica
do,"Dominikaanse Republiek","Dominican Republic","República Dominicana","Dominikanische Republik","République dominicaine","Repubblica Dominicana","Dominicaanse Republiek","República Dominicana"
dz,Algerië,Algeria,Argelia,Algerien,Algérie,Algeria,Algerije,Argélia
ea,"Ceuta en Melilla","Ceuta & Melilla","Ceuta y Melilla","Ceuta und Melilla","Ceuta et Melilla","Ceuta e Melilla","Ceuta en Melilla","Ceuta e Melilha"
ec,Ecuador,Ecuador,Ecuador,Ecuador,Équateur,Ecuador,Ecuador,Equador
ee,Estland,Estonia,Estonia,Estland,Estonie,Estonia,Estland,Estônia
eg,Egipte,Egypt,Egipto,Ägypten,Égypte,Egitto,Egypte,Egito
eh,Wes-Sahara,"Western Sahara","Sáhara Occidental",Westsahara,"Sahara occidental","Sahara occidentale","Westelijke Sahara","Saara Ocidental"
er,Eritrea,Eritrea,Eritrea,Eritrea,Érythrée,Eritrea,Eritrea,Eritreia
es,Spanje,Spain,España,Spanien,Espagne,Spagna,Spanje,Espanha
et,Ethiopië,Ethiopia,Etiopía,Äthiopien,Éthiopie,Etiopia,Ethiopië,Etiópia
eu,"Europese Unie","European Union","Unión Europea","Europäische Union","Union européenne","Unione Europea","Europese Unie","União Europeia"
fi,Finland,Finland,Finlandia,Finnland,Finlande,Finlandia,Finland,Finlândia
fj,Fidji,Fiji,Fiyi,Fidschi,Fidji,Figi,Fiji,Fiji
fk,"Falklandeilande (Malvinas)","Falkland Islands (Islas Malvinas)","Islas Malvinas (Islas Falkland)","Falklandinseln (Malwinen)","Îles Falkland","Isole Falkland (Isole Malvine)","Falklandeilanden (Islas Malvinas)","Ilhas Falkland (Ilhas Malvinas)"
fm,Mikronesië,Micronesia,Micronesia,Mikronesien,"États fédérés de Micronésie",Micronesia,Micronesia,Micronésia
fo,Faroëreilande,"Faroe Islands","Islas Feroe",Färöer,"Îles Féroé","Isole Fær Øer",Faeröer,"Ilhas Faroe"
fr,Frankryk,France,Francia,Frankreich,France,Francia,Frankrijk,França
ga,Gaboen,Gabon,Gabón,Gabun,Gabon,Gabon,Gabon,Gabão
gb,VK,UK,RU,GB,R.-U.,GB,VK,"Reino Unido"
gd,Grenada,Grenada,Granada,Grenada,Grenade,Grenada,Grenada,Granada
ge,Georgië,Georgia,Georgia,Georgien,Géorgie,Georgia,Georgië,Geórgia
gf,Frans-Guyana,"French Guiana","Guayana Francesa",Französisch-Guayana,"Guyane française","Guyana francese",Frans-Guyana,"Guiana Francesa"
gg,Guernsey,Guernsey,Guernesey,Guernsey,Guernesey,Guernsey,Guernsey,Guernsey
gh,Ghana,Ghana,Ghana,Ghana,Ghana,Ghana,Ghana,Gana
gi,Gibraltar,Gibraltar,Gibraltar,Gibraltar,Gibraltar,Gibilterra,Gibraltar,Gibraltar
gl,Groenland,Greenland,Groenlandia,Grönland,Groenland,Groenlandia,Groenland,Groenlândia
gm,Gambië,Gambia,Gambia,Gambia,Gambie,Gambia,Gambia,Gâmbia
gn,Guinee,Guinea,Guinea,Guinea,Guinée,Guinea,Guinee,Guiné
gp,Guadeloupe,Guadeloupe,Guadalupe,Guadeloupe,Guadeloupe,Guadalupa,Guadeloupe,Guadalupe
gq,Ekwatoriaal-Guinee,"Equatorial Guinea","Guinea Ecuatorial",Äquatorialguinea,"Guinée équatoriale","Guinea Equatoriale",Equatoriaal-Guinea,"Guiné Equatorial"
gr,Griekeland,Greece,Grecia,Griechenland,Grèce,Grecia,Griekenland,Grécia
gs,"Suid-Georgië en die Suidelike Sandwicheilande","South Georgia & South Sandwich Islands","Islas Georgia del Sur y Sandwich del Sur","Südgeorgien und die Südlichen Sandwichinseln","Géorgie du Sud et îles Sandwich du Sud","Georgia del Sud e isole Sandwich australi","Zuid-Georgia en Zuidelijke Sandwicheilanden","Ilhas Geórgia do Sul e Sandwich do Sul"
gt,Guatemala,Guatemala,Guatemala,Guatemala,Guatemala,Guatemala,Guatemala,Guatemala
gu,Guam,Guam,Guam,Guam,Guam,Guam,Guam,Guam
gw,Guinee-Bissau,Guinea-Bissau,Guinea-Bisáu,Guinea-Bissau,Guinée-Bissau,Guinea-Bissau,Guinee-Bissau,Guiné-Bissau
gy,Guyana,Guyana,Guyana,Guyana,Guyana,Guyana,Guyana,Guiana
hk,Hongkong,"Hong Kong","Hong Kong",Hongkong,"Hong Kong","Hong Kong",Hongkong,"Hong Kong"
hm,"Heard- en McDonaldeilande","Heard & McDonald Islands","Islas Heard y McDonald","Heard und McDonaldinseln","Îles Heard et McDonald","Isole Heard e McDonald","Heard en McDonaldeilanden","Ilhas Heard e McDonald"
hn,Honduras,Honduras,Honduras,Honduras,Honduras,Honduras,Honduras,Honduras
hr,Kroasië,Croatia,Croacia,Kroatien,Croatie,Croazia,Kroatië,Croácia
ht,Haïti,Haiti,Haití,Haiti,Haïti,Haiti,Haïti,Haiti
hu,Hongarye,Hungary,Hungría,Ungarn,Hongrie,Ungheria,Hongarije,Hungria
ic,"Kanariese Eilande","Canary Islands",Canarias,"Kanarische Inseln","Îles Canaries","Isole Canarie","Canarische Eilanden","Ilhas Canárias"
id,Indonesië,Indonesia,Indonesia,Indonesien,Indonésie,Indonesia,Indonesië,Indonésia
ie,Ierland,Ireland,Irlanda,Irland,Irlande,Irlanda,Ierland,Irlanda
il,Israel,Israel,Israel,Israel,Israël,Israele,Israël,Israel
im,"Eiland Man","Isle of Man","Isla de Man","Isle of Man","Île de Man","Isola di Man","Isle of Man","Ilha de Man"
in,Indië,India,India,Indien,Inde,India,India,Índia
io,"Brits-Indiese Oseaangebied","British Indian Ocean Territory","Territorio Británico del Océano Índico","Britisches Territorium im Indischen Ozean","Territoire britannique de l’océan Indien","Territorio britannico dell’Oceano Indiano","Britse Gebieden in de Indische Oceaan","Território Britânico do Oceano Índico"
iq,Irak,Iraq,Irak,Irak,Irak,Iraq,Irak,Iraque
ir,Iran,Iran,Irán,Iran,Iran,Iran,Iran,Irã
is,Ysland,Iceland,Islandia,Island,Islande,Islanda,IJsland,Islândia
it,Italië,Italy,Italia,Italien,Italie,Italia,Italië,Itália
je,Jersey,Jersey,Jersey,Jersey,Jersey,Jersey,Jersey,Jersey
jm,Jamaika,Jamaica,Jamaica,Jamaika,Jamaïque,Giamaica,Jamaica,Jamaica
jo,Jordanië,Jordan,Jordania,Jordanien,Jordanie,Giordania,Jordanië,Jordânia
jp,Japan,Japan,Japón,Japan,Japon,Giappone,Japan,Japão
ke,Kenia,Kenya,Kenia,Kenia,Kenya,Kenya,Kenia,Quênia
kg,Kirgisië,Kyrgyzstan,Kirguistán,Kirgisistan,Kirghizistan,Kirghizistan,Kirgizië,Quirguistão
kh,Kambodja,Cambodia,Camboya,Kambodscha,Cambodge,Cambogia,Cambodja,Camboja
ki,Kiribati,Kiribati,Kiribati,Kiribati,Kiribati,Kiribati,Kiribati,Quiribati
km,Comore,Comoros,Comoras,Komoren,Comores,Comore,Comoren,Comores
kn,"St. Kitts en Nevis","St. Kitts & Nevis","San Cristóbal y Nieves","St. Kitts und Nevis",Saint-Christophe-et-Niévès,"Saint Kitts e Nevis","Saint Kitts en Nevis","São Cristóvão e Nevis"
kp,Noord-Korea,"North Korea","Corea del Norte",Nordkorea,"Corée du Nord","Corea del Nord",Noord-Korea,"Coreia do Norte"
kr,Suid-Korea,"South Korea","Corea del Sur",Südkorea,"Corée du Sud","Corea del Sud",Zuid-Korea,"Coreia do Sul"
kw,Koeweit,Kuwait,Kuwait,Kuwait,Koweït,Kuwait,Koeweit,Kuwait
ky,Kaaimanseilande,"Cayman Islands","Islas Caimán",Kaimaninseln,"Îles Caïmans","Isole Cayman",Kaaimaneilanden,"Ilhas Cayman"
kz,Kazakstan,Kazakhstan,Kazajistán,Kasachstan,Kazakhstan,Kazakistan,Kazachstan,Cazaquistão
la,Laos,Laos,Laos,Laos,Laos,Laos,Laos,Laos
lb,Libanon,Lebanon,Líbano,Libanon,Liban,Libano,Libanon,Líbano
lc,"St. Lucia","St. Lucia","Santa Lucía","St. Lucia",Sainte-Lucie,"Saint Lucia","Saint Lucia","Santa Lúcia"
li,Liechtenstein,Liechtenstein,Liechtenstein,Liechtenstein,Liechtenstein,Liechtenstein,Liechtenstein,Liechtenstein
lk,"Sri Lanka","Sri Lanka","Sri Lanka","Sri Lanka","Sri Lanka","Sri Lanka","Sri Lanka","Sri Lanka"
lr,Liberië,Liberia,Liberia,Liberia,Libéria,Liberia,Liberia,Libéria
ls,Lesotho,Lesotho,Lesoto,Lesotho,Lesotho,Lesotho,Lesotho,Lesoto
lt,Litaue,Lithuania,Lituania,Litauen,Lituanie,Lituania,Litouwen,Lituânia
lu,Luxemburg,Luxembourg,Luxemburgo,Luxemburg,Luxembourg,Lussemburgo,Luxemburg,Luxemburgo
lv,Letland,Latvia,Letonia,Lettland,Lettonie,Lettonia,Letland,Letônia
ly,Libië,Libya,Libia,Libyen,Libye,Libia,Libië,Líbia
ma,Marokko,Morocco,Marruecos,Marokko,Maroc,Marocco,Marokko,Marrocos
mc,Monaco,Monaco,Mónaco,Monaco,Monaco,Monaco,Monaco,Mônaco
md,Moldowa,Moldova,Moldavia,"Republik Moldau",Moldavie,Moldavia,Moldavië,Moldávia
me,Montenegro,Montenegro,Montenegro,Montenegro,Monténégro,Montenegro,Montenegro,Montenegro
mf,"St. Martin","St. Martin","San Martín","St. Martin",Saint-Martin,"Saint Martin",Saint-Martin,"São Martinho"
mg,Madagaskar,Madagascar,Madagascar,Madagaskar,Madagascar,Madagascar,Madagaskar,Madagascar
mh,Marshalleilande,"Marshall Islands","Islas Marshall",Marshallinseln,"Îles Marshall","Isole Marshall",Marshalleilanden,"Ilhas Marshall"
mk,"Macedonië (VJRM)","Macedonia (FYROM)","Macedonia (ERYM)","Mazedonien (EJR)","Macédoine (ARYM)","Ex Repubblica Jugoslava di Macedonia","Macedonië (FYROM)","Macedônia (Antiga República Iugoslava da Macedônia - ARIM)"
ml,Mali,Mali,Mali,Mali,Mali,Mali,Mali,Mali
mm,"Mianmar (Birma)",Myanmar,"Myanmar (Birmania)",Myanmar,"Myanmar (Birmanie)","Myanmar (Birmania)","Myanmar (Birma)","Mianmar (Birmânia)"
mn,Mongolië,Mongolia,Mongolia,Mongolei,Mongolie,Mongolia,Mongolië,Mongólia
mo,Macau,Macau,Macao,Macau,Macao,Macao,Macau,Macau
mp,Noord-Mariane-eilande,"Northern Mariana Islands","Islas Marianas del Norte","Nördliche Marianen","Îles Mariannes du Nord","Isole Marianne settentrionali","Noordelijke Marianen","Ilhas Marianas do Norte"
mq,Martinique,Martinique,Martinica,Martinique,Martinique,Martinica,Martinique,Martinica
mr,Mauritanië,Mauritania,Mauritania,Mauretanien,Mauritanie,Mauritania,Mauritanië,Mauritânia
ms,Montserrat,Montserrat,Montserrat,Montserrat,Montserrat,Montserrat,Montserrat,Montserrat
mt,Malta,Malta,Malta,Malta,Malte,Malta,Malta,Malta
mu,Mauritius,Mauritius,Mauricio,Mauritius,Maurice,Mauritius,Mauritius,Maurício
mv,Maledive,Maldives,Maldivas,Malediven,Maldives,Maldive,Maldiven,Maldivas
mw,Malawi,Malawi,Malaui,Malawi,Malawi,Malawi,Malawi,Malawi
mx,Meksiko,Mexico,México,Mexiko,Mexique,Messico,Mexico,México
my,Maleisië,Malaysia,Malasia,Malaysia,Malaisie,Malaysia,Maleisië,Malásia
mz,Mosambiek,Mozambique,Mozambique,Mosambik,Mozambique,Mozambico,Mozambique,Moçambique
na,Namibië,Namibia,Namibia,Namibia,Namibie,Namibia,Namibië,Namíbia
nc,Nieu-Kaledonië,"New Caledonia","Nueva Caledonia",Neukaledonien,Nouvelle-Calédonie,"Nuova Caledonia",Nieuw-Caledonië,"Nova Caledônia"
ne,Niger,Niger,Níger,Niger,Niger,Niger,Niger,Níger
nf,Norfolkeiland,"Norfolk Island","Isla Norfolk",Norfolkinsel,"Île Norfolk","Isola Norfolk",Norfolk,"Ilha Norfolk"
ng,Nigerië,Nigeria,Nigeria,Nigeria,Nigéria,Nigeria,Nigeria,Nigéria
ni,Nicaragua,Nicaragua,Nicaragua,Nicaragua,Nicaragua,Nicaragua,Nicaragua,Nicarágua
nl,Nederland,Netherlands,"Países Bajos",Niederlande,Pays-Bas,"Paesi Bassi",Nederland,Holanda
no,Noorweë,Norway,Noruega,Norwegen,Norvège,Norvegia,Noorwegen,Noruega
np,Nepal,Nepal,Nepal,Nepal,Népal,Nepal,Nepal,Nepal
nr,Nauru,Nauru,Nauru,Nauru,Nauru,Nauru,Nauru,Nauru
nu,Niue,Niue,Niue,Niue,Niue,Niue,Niue,Niue
nz,Nieu-Seeland,"New Zealand","Nueva Zelanda",Neuseeland,Nouvelle-Zélande,"Nuova Zelanda",Nieuw-Zeeland,"Nova Zelândia"
om,Oman,Oman,Omán,Oman,Oman,Oman,Oman,Omã
pa,Panama,Panama,Panamá,Panama,Panama,Panamá,Panama,Panamá
pe,Peru,Peru,Perú,Peru,Pérou,Perù,Peru,Peru
pf,Frans-Polinesië,"French Polynesia","Polinesia Francesa",Französisch-Polynesien,"Polynésie française","Polinesia francese",Frans-Polynesië,"Polinésia Francesa"
pg,Papoea-Nieu-Guinee,"Papua New Guinea","Papúa Nueva Guinea",Papua-Neuguinea,Papouasie-Nouvelle-Guinée,"Papua Nuova Guinea",Papoea-Nieuw-Guinea,"Papua-Nova Guiné"
ph,Filippyne,Philippines,Filipinas,Philippinen,Philippines,Filippine,Filipijnen,Filipinas
pk,Pakistan,Pakistan,Pakistán,Pakistan,Pakistan,Pakistan,Pakistan,Paquistão
pl,Pole,Poland,Polonia,Polen,Pologne,Polonia,Polen,Polônia
pm,"St. Pierre en Miquelon","St. Pierre & Miquelon","San Pedro y Miquelón","St. Pierre und Miquelon",Saint-Pierre-et-Miquelon,"Saint Pierre e Miquelon","Saint-Pierre en Miquelon","Saint Pierre e Miquelon"
pn,Pitcairneilande,"Pitcairn Islands","Islas Pitcairn",Pitcairninseln,"Îles Pitcairn","Isole Pitcairn",Pitcairneilanden,"Ilhas Pitcairn"
pr,"Puerto Rico","Puerto Rico","Puerto Rico","Puerto Rico","Porto Rico",Portorico,"Puerto Rico","Porto Rico"
ps,Palestina,Palestine,Palestina,Palästina,Palestine,Palestina,Palestina,Palestina
pt,Portugal,Portugal,Portugal,Portugal,Portugal,Portogallo,Portugal,Portugal
pw,Palau,Palau,Palaos,Palau,Palaos,Palau,Palau,Palau
py,Paraguay,Paraguay,Paraguay,Paraguay,Paraguay,Paraguay,Paraguay,Paraguai
qa,Katar,Qatar,Catar,Katar,Qatar,Qatar,Qatar,Catar
qo,"Omliggende Oseanië","Outlying Oceania","Territorios alejados de Oceanía","Äußeres Ozeanien","régions éloignées de l’Océanie","Oceania lontana","overig Oceanië","Oceania Remota"
re,Réunion,Réunion,Reunión,Réunion,"La Réunion",Riunione,Réunion,Reunião
ro,Roemenië,Romania,Rumanía,Rumänien,Roumanie,Romania,Roemenië,Romênia
rs,Serwië,Serbia,Serbia,Serbien,Serbie,Serbia,Servië,Sérvia
ru,Rusland,Russia,Rusia,Russland,Russie,Russia,Rusland,Rússia
rw,Rwanda,Rwanda,Ruanda,Ruanda,Rwanda,Ruanda,Rwanda,Ruanda
sa,Saoedi-Arabië,"Saudi Arabia","Arabia Saudí",Saudi-Arabien,"Arabie saoudite","Arabia Saudita",Saoedi-Arabië,"Arábia Saudita"
sb,Salomonseilande,"Solomon Islands","Islas Salomón",Salomonen,"Îles Salomon","Isole Salomone",Salomonseilanden,"Ilhas Salomão"
sc,Seychelle,Seychelles,Seychelles,Seychellen,Seychelles,Seychelles,Seychellen,Seychelles
sd,Soedan,Sudan,Sudán,Sudan,Soudan,Sudan,Soedan,Sudão
se,Swede,Sweden,Suecia,Schweden,Suède,Svezia,Zweden,Suécia
sg,Singapoer,Singapore,Singapur,Singapur,Singapour,Singapore,Singapore,Cingapura
sh,"Sint Helena","St. Helena","Santa Elena","St. Helena",Sainte-Hélène,Sant’Elena,Sint-Helena,"Santa Helena"
si,Slowenië,Slovenia,Eslovenia,Slowenien,Slovénie,Slovenia,Slovenië,Eslovênia
sj,"Svalbard en Jan Mayen","Svalbard & Jan Mayen","Svalbard y Jan Mayen","Svalbard und Jan Mayen","Svalbard et Jan Mayen","Svalbard e Jan Mayen","Spitsbergen en Jan Mayen","Svalbard e Jan Mayen"
sk,Slowakye,Slovakia,Eslovaquia,Slowakei,Slovaquie,Slovacchia,Slowakije,Eslováquia
sl,"Sierra Leone","Sierra Leone","Sierra Leona","Sierra Leone","Sierra Leone","Sierra Leone","Sierra Leone","Serra Leoa"
sm,"San Marino","San Marino","San Marino","San Marino",Saint-Marin,"San Marino","San Marino","San Marino"
sn,Senegal,Senegal,Senegal,Senegal,Sénégal,Senegal,Senegal,Senegal
so,Somalië,Somalia,Somalia,Somalia,Somalie,Somalia,Somalië,Somália
sr,Suriname,Suriname,Surinam,Suriname,Suriname,Suriname,Suriname,Suriname
ss,Suid-Soedan,"South Sudan","Sudán del Sur",Südsudan,"Soudan du Sud","Sud Sudan",Zuid-Soedan,"Sudão do Sul"
st,"São Tomé en Príncipe","São Tomé & Príncipe","Santo Tomé y Príncipe","São Tomé und Príncipe","Sao Tomé-et-Principe","São Tomé e Príncipe","Sao Tomé en Principe","São Tomé e Príncipe"
sv,"El Salvador","El Salvador","El Salvador","El Salvador","El Salvador","El Salvador","El Salvador","El Salvador"
sx,"Sint Maarten","Sint Maarten","Sint Maarten","Sint Maarten","Saint-Martin (partie néerlandaise)","Sint Maarten",Sint-Maarten,"Sint Maarten"
sy,Sirië,Syria,Siria,Syrien,Syrie,Siria,Syrië,Síria
sz,Swaziland,Swaziland,Suazilandia,Swasiland,Swaziland,Swaziland,Swaziland,Suazilândia
ta,"Tristan da Cunha","Tristan da Cunha","Tristán da Cunha","Tristan da Cunha","Tristan da Cunha","Tristan da Cunha","Tristan da Cunha","Tristão da Cunha"
tc,"Turks- en Caicoseilande","Turks & Caicos Islands","Islas Turcas y Caicos","Turks- und Caicosinseln","Îles Turques-et-Caïques","Isole Turks e Caicos","Turks- en Caicoseilanden","Ilhas Turks e Caicos"
td,Tsjad,Chad,Chad,Tschad,Tchad,Ciad,Tsjaad,Chade
tf,"Franse Suidelike Gebiede","French Southern Territories","Territorios Australes Franceses","Französische Süd- und Antarktisgebiete","Terres australes françaises","Terre australi francesi","Franse Gebieden in de zuidelijke Indische Oceaan","Territórios Franceses do Sul"
tg,Togo,Togo,Togo,Togo,Togo,Togo,Togo,Togo
th,Thailand,Thailand,Tailandia,Thailand,Thaïlande,Thailandia,Thailand,Tailândia
tj,Tadjikistan,Tajikistan,Tayikistán,Tadschikistan,Tadjikistan,Tagikistan,Tadzjikistan,Tajiquistão
tk,Tokelau,Tokelau,Tokelau,Tokelau,Tokélaou,Tokelau,Tokelau,Tokelau
tl,Oos-Timor,"East Timor","Timor Oriental",Osttimor,Timor-Oriental,"Timor Est",Oost-Timor,"República Democrática de Timor-Leste"
tm,Turkmenië,Turkmenistan,Turkmenistán,Turkmenistan,Turkménistan,Turkmenistan,Turkmenistan,Turcomenistão
tn,Tunisië,Tunisia,Túnez,Tunesien,Tunisie,Tunisia,Tunesië,Tunísia
to,Tonga,Tonga,Tonga,Tonga,Tonga,Tonga,Tonga,Tonga
tr,Turkye,Turkey,Turquía,Türkei,Turquie,Turchia,Turkije,Turquia
tt,"Trinidad en Tobago","Trinidad & Tobago","Trinidad y Tobago","Trinidad und Tobago",Trinité-et-Tobago,"Trinidad e Tobago","Trinidad en Tobago","Trinidad e Tobago"
tv,Tuvalu,Tuvalu,Tuvalu,Tuvalu,Tuvalu,Tuvalu,Tuvalu,Tuvalu
tw,Taiwan,Taiwan,Taiwán,Taiwan,Taïwan,Taiwan,Taiwan,Taiwan
tz,Tanzanië,Tanzania,Tanzania,Tansania,Tanzanie,Tanzania,Tanzania,Tanzânia
ua,Oekraïne,Ukraine,Ucrania,Ukraine,Ukraine,Ucraina,Oekraïne,Ucrânia
ug,Uganda,Uganda,Uganda,Uganda,Ouganda,Uganda,Oeganda,Uganda
um,"VS klein omliggende eilande","U.S. Outlying Islands","Islas menores alejadas de EE. UU.","Amerikanische Überseeinseln","Îles mineures éloignées des États-Unis","Altre isole americane del Pacifico","Kleine afgelegen eilanden van de Verenigde Staten","Ilhas Menores Distantes dos EUA"
us,VSA,US,"EE. UU.",USA,É.-U.,USA,VS,EUA
uy,Uruguay,Uruguay,Uruguay,Uruguay,Uruguay,Uruguay,Uruguay,Uruguai
uz,Oesbekistan,Uzbekistan,Uzbekistán,Usbekistan,Ouzbékistan,Uzbekistan,Oezbekistan,Uzbequistão
va,Vatikaanstad,"Vatican City","Ciudad del Vaticano",Vatikanstadt,"État de la Cité du Vatican","Città del Vaticano",Vaticaanstad,"Cidade do Vaticano"
vc,"St. Vincent en die Grenadine","St. Vincent & Grenadines","San Vicente y las Granadinas","St. Vincent und die Grenadinen",Saint-Vincent-et-les-Grenadines,"Saint Vincent e Grenadines","Saint Vincent en de Grenadines","São Vicente e Granadinas"
ve,Venezuela,Venezuela,Venezuela,Venezuela,Venezuela,Venezuela,Venezuela,Venezuela
vg,"Britse Maagde-eilande","British Virgin Islands","Islas Vírgenes Británicas","Britische Jungferninseln","Îles Vierges britanniques","Isole Vergini Britanniche","Britse Maagdeneilanden","Ilhas Virgens Britânicas"
vi,"Amerikaanse Maagde-eilande","U.S. Virgin Islands","Islas Vírgenes de EE. UU.","Amerikanische Jungferninseln","Îles Vierges des États-Unis","Isole Vergini Americane","Amerikaanse Maagdeneilanden","Ilhas Virgens dos EUA"
vn,Viëtnam,Vietnam,Vietnam,Vietnam,Vietnam,Vietnam,Vietnam,Vietnã
vu,Vanuatu,Vanuatu,Vanuatu,Vanuatu,Vanuatu,Vanuatu,Vanuatu,Vanuatu
wf,"Wallis en Futuna","Wallis & Futuna","Wallis y Futuna","Wallis und Futuna",Wallis-et-Futuna,"Wallis e Futuna","Wallis en Futuna","Wallis e Futuna"
ws,Samoa,Samoa,Samoa,Samoa,Samoa,Samoa,Samoa,Samoa
xk,Kosovo,Kosovo,Kosovo,Kosovo,Kosovo,Kosovo,Kosovo,Kosovo
ye,Jemen,Yemen,Yemen,Jemen,Yémen,Yemen,Jemen,Iêmen
yt,Mayotte,Mayotte,Mayotte,Mayotte,Mayotte,Mayotte,Mayotte,Mayotte
za,Suid-Afrika,"South Africa",Sudáfrica,Südafrika,"Afrique du Sud",Sudafrica,Zuid-Afrika,"África do Sul"
zm,Zambië,Zambia,Zambia,Sambia,Zambie,Zambia,Zambia,Zâmbia
zw,Zimbabwe,Zimbabwe,Zimbabue,Simbabwe,Zimbabwe,Zimbabwe,Zimbabwe,Zimbábue
zz,"Onbekende gebied","Unknown Region","Región desconocida","Unbekannte Region","région indéterminée","Regione sconosciuta","onbekend gebied","Região desconhecida"
142,Asië,Asia,Asia,Asien,Asie,Asia,Azië,Ásia
143,Sentraal-Asië,"Central Asia","Asia central",Zentralasien,"Asie centrale","Asia centrale",Centraal-Azië,"Ásia Central"
145,Wes-Asië,"Western Asia","Asia occidental",Westasien,"Asie occidentale","Asia occidentale",West-Azië,"Ásia Ocidental"
150,Europa,Europe,Europa,Europa,Europe,Europa,Europa,Europa
151,Oos-Europa,"Eastern Europe","Europa oriental",Osteuropa,"Europe de l’Est","Europa orientale",Oost-Europa,"Europa Oriental"
154,Noord-Europa,"Northern Europe","Europa septentrional",Nordeuropa,"Europe septentrionale","Europa settentrionale",Noord-Europa,"Europa Setentrional"
155,Wes-Europa,"Western Europe","Europa occidental",Westeuropa,"Europe occidentale","Europa occidentale",West-Europa,"Europa Ocidental"
419,Latyns-Amerika,"Latin America",Latinoamérica,Lateinamerika,"Amérique latine","America Latina",Latijns-Amerika,"América Latina"
